id,manufacturer,model,model_year,variant,segment,seats,price_local,currency,range_km,range_rating,battery_capacity_kwh,battery_chemistry,efficiency_wh_km,fast_charge_kw,charge_10_80_min,drivetrain,power_kw,torque_nm,acceleration_0_100_s,top_speed_kmh,length_mm,width_mm,height_mm,wheelbase_mm,ground_clearance_mm,cargo_volume_l,frunk_volume_l,towing_capacity_kg,curb_weight_kg,onboard_charger_kw,charge_port_type,v2l_capable,plug_and_charge,range_city_km,range_highway_km
acura-zdx-awd-2026,Acura,ZDX,2026,AWD,suv,5,72500,CAD,432,epa,102,nmc,236,197,35,awd,284,,,210,4947,1930,1718,2999,,,,2400,2266,11.5,nacs,false,false,,
acura-rsx-awd-2026,Acura,RSX,2026,AWD,crossover,5,62000,CAD,420,epa,83,nmc,198,150,,awd,200,,7.0,180,,,,,,,,,1980,11.5,nacs,true,false,,
audi-q4-etron-45-rwd-2026,Audi,Q4 e-tron,2026,45 e-tron RWD,crossover,5,63440,CAD,463,epa,82,nmc,177,175,28,rwd,210,310,6.7,160,4588,1865,1632,2764,180,520,,1000,2045,11,ccs,false,false,,
audi-q4-etron-55-awd-2026,Audi,Q4 e-tron,2026,55 e-tron quattro AWD,crossover,5,75600,CAD,404,epa,82,nmc,203,175,28,awd,250,679,5.4,180,4588,1865,1632,2764,180,520,,1200,2175,11,ccs,false,false,,
audi-s-etron-gt-2026,Audi,S e-tron GT,2026,AWD,sedan,4,132000,CAD,483,epa,93.4,nmc,193,320,18,awd,500,740,3.4,250,4963,1964,1396,2900,,405,81,,2340,11,ccs,false,true,,
audi-rs-etron-gt-performance-2026,Audi,RS e-tron GT,2026,Performance AWD,sedan,4,185000,CAD,448,epa,93.4,nmc,209,320,18,awd,630,830,2.5,250,4963,1964,1396,2900,,405,81,,2380,11,ccs,false,true,,
bmw-i4-edrive40-2026,BMW,i4,2026,eDrive40,sedan,5,73900,CAD,495,epa,83.9,nmc,170,205,28,rwd,250,430,5.6,190,4783,1852,1448,2856,,470,,,2125,11,nacs,false,false,,
bmw-i4-m50-2026,BMW,i4,2026,M50 xDrive,sedan,5,97900,CAD,447,epa,83.9,nmc,188,205,31,awd,400,795,3.9,225,4783,1852,1448,2856,,470,,,2290,11,nacs,false,false,,
bmw-i5-edrive40-2026,BMW,i5,2026,eDrive40,sedan,5,84900,CAD,499,epa,83.9,nmc,168,205,30,rwd,250,430,6.0,193,4973,1900,1515,2995,,490,,1500,2205,11,nacs,false,false,,
bmw-i7-xdrive60-2026,BMW,i7,2026,xDrive60,sedan,5,144900,CAD,500,epa,105.7,nmc,211,195,34,awd,400,745,4.7,210,5391,1950,1544,3215,,500,,2000,2640,11,nacs,false,false,,
bmw-ix-xdrive60-2026,BMW,iX,2026,xDrive60,suv,5,132000,CAD,586,epa,111.5,nmc,190,195,32,awd,400,765,4.6,200,4965,1970,1695,3000,,500,,2500,2580,11,nacs,false,false,,
bmw-ix-m70-2026,BMW,iX,2026,M70 xDrive,suv,5,170000,CAD,488,epa,111.5,nmc,228,195,35,awd,485,1100,3.8,250,4965,1970,1695,3000,,500,,2500,2690,11,nacs,false,false,,
bmw-ix3-2026,BMW,iX3,2026,AWD,suv,5,68900,CAD,380,epa,80,nmc,211,150,30,awd,210,400,6.8,180,4734,1891,1668,2864,,510,,,2185,11,nacs,false,false,,
cadillac-lyriq-rwd-2026,Cadillac,LYRIQ,2026,RWD,suv,5,64598,CAD,505,epa,102,nmc,202,190,38,rwd,255,440,6.0,210,4996,1977,1623,3094,,793,,,2100,11.5,nacs,false,false,,
cadillac-lyriq-awd-2026,Cadillac,LYRIQ,2026,AWD,suv,5,76598,CAD,478,epa,102,nmc,213,190,38,awd,388,610,4.6,210,4996,1977,1623,3094,,793,,,2250,11.5,nacs,false,false,,
cadillac-optiq-awd-2026,Cadillac,OPTIQ,2026,AWD,crossover,5,57498,CAD,486,epa,85,nmc,175,150,32,awd,239,,,,,,,,,,,,,11.5,nacs,false,false,,
cadillac-escalade-iq-2026,Cadillac,ESCALADE IQ,2026,AWD,suv,7,139990,CAD,724,epa,212,nmc,293,350,24,awd,560,1000,4.9,190,5842,2167,1881,3450,,670,,,4111,19.2,nacs,true,false,,
chevrolet-bolt-ev-2027,Chevrolet,Bolt EV,2027,FWD,hatchback,5,39999,CAD,475,epa,65,nmc,137,150,30,fwd,150,250,6.5,150,4158,1765,1605,2600,,327,,,1472,11.5,nacs,false,false,,
chevrolet-equinox-ev-1lt-2026,Chevrolet,Equinox EV,2026,1LT FWD,crossover,5,39999,CAD,513,epa,78.8,nmc,154,150,32,fwd,159,320,7.0,160,4637,1880,1626,2775,,793,,,2122,11.5,nacs,false,false,,
chevrolet-equinox-ev-rs-awd-2026,Chevrolet,Equinox EV,2026,RS AWD,crossover,5,53498,CAD,449,epa,78.8,nmc,175,150,32,awd,215,,,,,,,,,793,,,2167,11.5,nacs,false,false,,
chevrolet-blazer-ev-rs-2026,Chevrolet,Blazer EV,2026,RS AWD,suv,5,61198,CAD,449,epa,102,nmc,227,190,32,awd,214,,5.0,210,,,,,,863,,,2149,11.5,nacs,false,false,,
chevrolet-silverado-ev-rst-2026,Chevrolet,Silverado EV,2026,RST AWD,truck,5,82598,CAD,628,epa,200,nmc,319,350,22,awd,432,875,4.5,160,5920,2108,1956,3924,,1110,,2721,3107,19.2,nacs,true,false,,
fiat-500e-2026,FIAT,500e,2026,FWD,hatchback,4,40990,CAD,240,epa,42,nmc,175,85,35,fwd,87,220,9.0,150,3631,1683,1527,2322,120,185,,,1306,11,ccs,false,false,,
ford-mustang-mach-e-select-rwd-2026,Ford,Mustang Mach-E,2026,Select RWD,suv,5,47999,CAD,483,epa,91,nmc,189,150,34,rwd,198,430,6.1,180,4713,1880,1600,2764,138,822,,,2065,11.3,nacs,false,false,,
ford-mustang-mach-e-premium-awd-2026,Ford,Mustang Mach-E,2026,Premium AWD ER,suv,5,61999,CAD,455,epa,91,nmc,200,150,34,awd,258,580,4.8,180,4713,1880,1600,2764,138,822,,,2234,11.3,nacs,false,false,,
ford-f150-lightning-pro-2026,Ford,F-150 Lightning,2026,Pro Standard Range,truck,5,69999,CAD,386,epa,98,nmc,254,150,41,awd,310,,6.2,161,5915,2027,2028,3695,,1495,400,2948,2987,11.5,nacs,true,false,,
ford-f150-lightning-xlt-er-2026,Ford,F-150 Lightning,2026,XLT Extended Range,truck,5,84999,CAD,515,epa,131,nmc,254,150,41,awd,310,,,,,5915,2027,2028,3695,,1495,400,2948,11.5,nacs,true,false,,
genesis-gv60-performance-2026,Genesis,GV60,2026,Performance AWD,crossover,5,84150,CAD,406,epa,84,nmc,207,350,18,awd,320,700,4.0,235,4515,1890,1580,2900,,432,,1800,2235,11,ccs,true,false,,
genesis-gv70-electrified-awd-2026,Genesis,GV70 Electrified,2026,AWD,suv,5,78650,CAD,424,epa,84,nmc,198,350,19,awd,320,700,5.0,235,4715,1910,1630,2875,,542,,1800,2285,11,ccs,false,false,,
genesis-g80-electrified-awd-2026,Genesis,G80 Electrified,2026,AWD,sedan,5,100000,CAD,483,epa,87.2,nmc,181,350,22,awd,272,700,4.9,225,4995,1925,1465,3010,,425,,,2485,11,ccs,false,false,,
gmc-hummer-ev-pickup-2026,GMC,Hummer EV,2026,Edition 1 AWD,truck,5,149998,CAD,523,epa,212,nmc,406,350,24,awd,746,1623,3.0,170,5507,2197,2009,3447,,1006,,,4111,19.2,nacs,true,false,,
gmc-hummer-ev-suv-2026,GMC,Hummer EV SUV,2026,Edition 1 AWD,suv,5,149998,CAD,489,epa,212,nmc,433,350,24,awd,746,1623,3.5,170,4944,2197,1999,3448,,892,,,3924,19.2,nacs,true,false,,
gmc-sierra-ev-denali-2026,GMC,Sierra EV,2026,Denali Edition 1,truck,5,99998,CAD,644,epa,200,nmc,310,350,22,awd,510,875,4.5,160,5920,2108,1956,3924,,1085,,2041,3084,19.2,nacs,true,false,,
honda-prologue-fwd-2026,Honda,Prologue,2026,EX-L FWD,suv,5,53490,CAD,476,epa,85,nmc,179,150,32,fwd,159,320,7.4,,,,,,,793,,,2094,11.5,nacs,false,false,,
honda-prologue-awd-2026,Honda,Prologue,2026,Elite AWD,suv,5,62490,CAD,439,epa,85,nmc,194,150,32,awd,214,,,,,,,,,793,,,2175,11.5,nacs,false,false,,
hyundai-ioniq5-lr-rwd-2026,Hyundai,IONIQ 5,2026,Long Range RWD,crossover,5,57999,CAD,512,epa,84,nmc,164,263,18,rwd,168,350,7.4,185,4655,1890,1605,3000,160,520,57,1600,2000,11,ccs,true,false,,
hyundai-ioniq5-lr-awd-2026,Hyundai,IONIQ 5,2026,Long Range AWD,crossover,5,65999,CAD,467,epa,84,nmc,180,263,18,awd,239,605,5.1,185,4655,1890,1605,3000,160,520,57,1600,2120,11,ccs,true,false,,
hyundai-ioniq5-n-2026,Hyundai,IONIQ 5 N,2026,AWD,crossover,5,80000,CAD,356,epa,84,nmc,236,350,18,awd,448,740,3.4,260,4655,1890,1615,3000,,490,57,,2270,11,ccs,true,false,,
hyundai-ioniq6-lr-rwd-2026,Hyundai,IONIQ 6,2026,Long Range RWD,sedan,5,55999,CAD,581,epa,77.4,nmc,133,263,18,rwd,168,350,7.4,185,4855,1880,1495,2950,,401,45,1500,1985,11,ccs,true,false,,
hyundai-ioniq6-lr-awd-2026,Hyundai,IONIQ 6,2026,Long Range AWD,sedan,5,63999,CAD,509,epa,77.4,nmc,152,263,18,awd,239,605,5.1,185,4855,1880,1495,2950,,401,45,1500,2090,11,ccs,true,false,,
hyundai-kona-electric-2026,Hyundai,KONA Electric,2026,FWD,crossover,5,47999,CAD,420,epa,65.4,nmc,156,105,37,fwd,160,255,7.8,172,4355,1825,1575,2660,,466,27,750,1773,11,ccs,true,false,,
kia-ev5-lr-fwd-2026,Kia,EV5,2026,Long Range FWD,crossover,5,43495,CAD,400,epa,81.4,nmc,204,150,30,fwd,160,295,8.4,165,4610,1875,1675,2750,,566,44,1200,2069,11,ccs,true,false,,
kia-ev5-lr-awd-2026,Kia,EV5,2026,Long Range AWD,crossover,5,53495,CAD,360,epa,81.4,nmc,226,150,30,awd,230,460,6.0,175,4610,1875,1675,2750,,566,44,1200,2150,11,ccs,true,false,,
kia-ev6-lr-rwd-2026,Kia,EV6,2026,Long Range RWD,crossover,5,50495,CAD,514,epa,84,nmc,163,233,18,rwd,168,350,7.3,185,4695,1880,1550,2900,,490,20,1600,1985,11,ccs,true,false,,
kia-ev6-lr-awd-2026,Kia,EV6,2026,Long Range AWD,crossover,5,57495,CAD,475,epa,84,nmc,177,233,17,awd,239,605,5.2,188,4695,1880,1575,2900,,490,20,1800,2160,11,ccs,true,false,,
kia-ev6-gt-2026,Kia,EV6 GT,2026,GT AWD,crossover,5,76995,CAD,372,epa,84,nmc,226,350,18,awd,478,740,3.5,260,4695,1880,1545,2900,,490,20,1600,2155,11,ccs,true,false,,
kia-ev9-lr-awd-2026,Kia,EV9,2026,Long Range AWD,suv,7,74995,CAD,455,epa,99.8,nmc,219,270,24,awd,283,700,5.3,200,5010,1980,1755,3100,,333,,2500,2650,11,ccs,true,false,,
kia-niro-ev-2026,Kia,Niro EV,2026,FWD,crossover,5,41995,CAD,407,epa,64.8,nmc,159,94,41,fwd,150,255,7.8,167,4420,1825,1570,2720,,475,20,750,1757,11,ccs,true,false,,
lexus-es350e-fwd-2026,Lexus,ES Electric,2026,ES350e FWD,sedan,5,68000,CAD,480,epa,77,nmc,160,150,30,fwd,164,,,200,,,,,,,,,,,nacs,false,false,,
lexus-rz450e-2026,Lexus,RZ 450e,2026,AWD,suv,5,72350,CAD,354,epa,71.4,nmc,202,150,30,awd,230,435,5.6,160,4805,1895,1635,2850,,522,,,2100,11,nacs,false,false,,
lucid-air-grand-touring-2026,Lucid,Air,2026,Grand Touring AWD,sedan,5,185000,CAD,824,epa,117,nmc,142,300,22,awd,597,1047,3.0,270,4975,1969,1410,2954,,456,283,,2250,19.2,ccs,false,true,,
mercedes-eqb-250plus-2026,Mercedes-Benz,EQB,2026,250+,suv,5,57300,CAD,404,epa,70.5,nmc,174,100,35,fwd,140,385,8.9,160,4684,1834,1667,2829,,495,,,2105,11,ccs,false,true,,
mercedes-eqe-350-sedan-2026,Mercedes-Benz,EQE,2026,350 4MATIC Sedan,sedan,5,85600,CAD,496,epa,90.6,nmc,183,170,31,awd,215,565,6.3,210,4946,1961,1512,3120,,430,,,2430,11,ccs,false,true,,
mercedes-eqe-350-suv-2026,Mercedes-Benz,EQE SUV,2026,350+ 4MATIC,suv,5,91000,CAD,486,epa,90.6,nmc,186,170,32,awd,215,565,6.2,210,4879,1931,1685,3030,,520,,1800,2590,11,ccs,false,true,,
mercedes-eqs-450plus-sedan-2026,Mercedes-Benz,EQS,2026,450+ Sedan,sedan,5,122000,CAD,628,epa,118,nmc,188,200,33,rwd,265,568,6.2,210,5223,1926,1518,3210,,620,,,2545,11,ccs,false,true,,
mercedes-eqs-450-suv-2026,Mercedes-Benz,EQS SUV,2026,450 4MATIC,suv,5,136000,CAD,502,epa,118,nmc,235,200,33,awd,265,800,6.1,210,5125,2034,1721,3030,,645,,1800,2805,11,ccs,false,true,,
mini-cooper-se-2026,MINI,Cooper SE,2026,3-Door FWD,hatchback,4,40990,CAD,270,epa,54.2,nmc,201,95,30,fwd,160,330,7.3,160,3858,1728,1434,2495,,211,,,1395,22,nacs,false,false,,
mini-aceman-e-2026,MINI,Aceman,2026,E FWD,crossover,4,42990,CAD,280,epa,54.2,nmc,194,95,30,fwd,160,230,7.6,160,4073,1758,1460,2606,,300,,,1510,22,nacs,false,false,,
nissan-ariya-fwd-2026,Nissan,Ariya,2026,FWD 87 kWh,crossover,5,59998,CAD,478,epa,87,nmc,182,130,30,fwd,178,300,7.5,160,4595,1850,1659,2775,180,490,,,1993,22,ccs,false,false,,
nissan-ariya-awd-2026,Nissan,Ariya,2026,e-4ORCE AWD,crossover,5,66998,CAD,428,epa,87,nmc,203,130,30,awd,290,600,5.7,200,4595,1850,1659,2775,180,490,,,2162,22,ccs,false,false,,
nissan-leaf-fwd-2026,Nissan,LEAF,2026,FWD,crossover,5,52000,CAD,420,epa,70,nmc,167,150,30,fwd,160,280,7.5,160,,,,,,,,,,,ccs,false,false,,
polestar-2-sm-lr-2026,Polestar,2,2026,Single Motor Long Range,sedan,5,59900,CAD,519,epa,82,nmc,158,205,28,rwd,220,490,6.4,205,4606,1859,1481,2735,,405,40,,2066,11,nacs,false,true,,
polestar-2-dm-2026,Polestar,2,2026,Dual Motor Performance,sedan,5,72900,CAD,478,epa,82,nmc,172,205,28,awd,350,740,4.5,205,4606,1859,1481,2735,,405,40,,2215,11,nacs,false,true,,
polestar-3-lr-awd-2026,Polestar,3,2026,Long Range Dual Motor,suv,5,96900,CAD,547,epa,111,nmc,203,250,30,awd,360,840,4.8,210,4900,2120,1614,2985,164,484,,2000,2584,11,nacs,false,true,,
polestar-4-lr-awd-2026,Polestar,4,2026,Long Range Dual Motor,crossover,5,79900,CAD,515,epa,100,nmc,194,200,23,awd,320,686,3.8,200,4839,2139,1544,2999,174,526,,,2301,22,nacs,false,true,,
porsche-taycan-rwd-2026,Porsche,Taycan,2026,RWD Performance Battery Plus,sedan,4,128500,CAD,449,epa,105,nmc,234,270,23,rwd,300,345,5.4,230,4963,1966,1381,2900,,407,84,,2355,11,ccs,false,true,,
porsche-taycan-4s-2026,Porsche,Taycan,2026,4S AWD,sedan,4,136200,CAD,396,epa,105,nmc,265,270,23,awd,490,710,4.0,250,4963,1966,1381,2900,,407,84,,2465,11,ccs,false,true,,
porsche-macan-ev-rwd-2026,Porsche,Macan EV,2026,RWD,suv,5,98000,CAD,507,epa,100,nmc,197,150,21,rwd,280,563,5.7,220,4784,1938,1622,2893,190,540,84,,2155,11,ccs,false,true,,
porsche-macan-ev-turbo-2026,Porsche,Macan EV,2026,Turbo AWD,suv,5,131000,CAD,464,epa,100,nmc,216,270,21,awd,470,1130,3.3,260,4784,1938,1622,2893,190,540,84,,2295,11,ccs,false,true,,
rivian-r1t-large-2026,Rivian,R1T,2026,Large Pack AWD,truck,5,79900,CAD,483,epa,108.5,nmc,225,220,35,awd,533,1625,3.0,201,5558,2030,1806,3453,425,1110,314,4990,2869,11.5,nacs,true,false,,
rivian-r1s-large-2026,Rivian,R1S,2026,Large Pack AWD,suv,7,89900,CAD,530,epa,108.5,nmc,205,220,35,awd,533,1625,3.0,201,5100,2030,1803,3453,234,1050,114,3500,2870,11.5,nacs,true,false,,
subaru-solterra-awd-2026,Subaru,Solterra,2026,AWD,suv,5,57995,CAD,365,epa,71.4,nmc,196,150,30,awd,160,337,6.9,160,4690,1860,1650,2850,,452,,,2100,6.6,nacs,false,false,,
subaru-uncharted-fwd-2026,Subaru,Uncharted,2026,FWD,crossover,5,45785,CAD,399,epa,57.7,nmc,145,150,30,fwd,160,,,160,,,,,,,,,,,nacs,false,false,,
subaru-uncharted-fwd-lr-2026,Subaru,Uncharted,2026,FWD LR,crossover,5,49785,CAD,496,epa,77,nmc,155,150,30,fwd,160,,,160,,,,,,,,,,,nacs,false,false,,
subaru-uncharted-sport-2026,Subaru,Uncharted,2026,Sport,crossover,5,52785,CAD,438,epa,77,nmc,176,150,30,fwd,160,,,160,,,,,,,,,,,nacs,false,false,,
subaru-uncharted-gt-2026,Subaru,Uncharted,2026,GT,crossover,5,54785,CAD,438,epa,77,nmc,176,150,30,fwd,160,,,160,,,,,,,,,,,nacs,false,false,,
tesla-model3-rwd-2026,Tesla,Model 3,2026,RWD,sedan,5,54990,CAD,517,epa,60,lfp,116,170,25,rwd,208,350,6.1,201,4720,1849,1441,2875,140,561,88,,1761,11.5,nacs,false,true,,
tesla-model3-lr-awd-2026,Tesla,Model 3,2026,Long Range AWD,sedan,5,69990,CAD,557,epa,75,nmc,135,250,25,awd,366,493,4.4,225,4720,1849,1441,2875,140,561,88,,1883,11.5,nacs,false,true,,
tesla-modely-rwd-2026,Tesla,Model Y,2026,RWD,suv,5,54990,CAD,517,epa,60,lfp,116,250,28,rwd,220,345,6.9,217,4751,1921,1624,2890,171,854,117,,1979,11.5,nacs,false,true,,
tesla-modely-lr-awd-2026,Tesla,Model Y,2026,Long Range AWD,suv,5,64990,CAD,526,epa,75,nmc,143,250,28,awd,340,493,5.0,217,4751,1921,1624,2890,171,854,117,,2100,11.5,nacs,false,true,,
tesla-models-awd-2026,Tesla,Model S,2026,Dual Motor AWD,sedan,5,151130,CAD,660,epa,95,nca,144,250,20,awd,560,800,3.1,250,4970,1964,1445,2960,118,793,116,,2162,22,nacs,true,true,,
tesla-modelx-awd-2026,Tesla,Model X,2026,Dual Motor AWD,suv,6,163130,CAD,566,epa,94.3,nca,167,250,20,awd,560,800,3.9,250,5057,2070,1684,2965,148,2503,88,,2573,22,nacs,true,true,,
tesla-cybertruck-awd-2026,Tesla,Cybertruck,2026,AWD,truck,5,142864,CAD,523,epa,123.5,nmc,236,250,27,awd,448,671,4.1,209,5682,2413,1791,3683,,845,,,3078,19.2,nacs,true,true,,
toyota-bz4x-fwd-2026,Toyota,bZ4X,2026,FWD,suv,5,47990,CAD,406,epa,71.4,nmc,176,150,30,fwd,150,266,7.3,160,4690,1860,1650,2850,,452,,,1925,6.6,nacs,false,false,,
toyota-bz4x-awd-2026,Toyota,bZ4X,2026,AWD,suv,5,53990,CAD,367,epa,71.4,nmc,194,150,30,awd,160,337,6.9,160,4690,1860,1650,2850,,452,,,2100,6.6,nacs,false,false,,
toyota-bz-suv-fwd-2026,Toyota,bZ SUV,2026,FWD,suv,5,45990,CAD,468,epa,77,nmc,165,150,30,fwd,160,,,160,,,,,,,,,,,nacs,false,false,,
toyota-chr-bev-fwd-2026,Toyota,C-HR BEV,2026,FWD,crossover,5,48300,CAD,496,epa,77,nmc,155,150,,fwd,165,,,175,,,,,,,,,,,nacs,false,false,,
toyota-chr-bev-awd-2026,Toyota,C-HR BEV,2026,AWD,crossover,5,56300,CAD,452,epa,77,nmc,170,150,,awd,252,,,180,,,,,,,,,,,nacs,false,false,,
vw-id4-pro-rwd-2026,Volkswagen,ID.4,2026,Pro RWD,crossover,5,50995,CAD,468,epa,82,nmc,175,175,28,rwd,210,310,8.5,160,4584,1852,1637,2771,163,543,64,1000,2098,11,nacs,false,false,,
vw-id4-pro-awd-2026,Volkswagen,ID.4,2026,Pro AWD,crossover,5,57995,CAD,423,epa,82,nmc,194,175,28,awd,295,460,5.9,180,4584,1852,1637,2771,163,543,64,1000,2221,11,nacs,false,false,,
volvo-ex30-sm-er-2026,Volvo,EX30,2026,Single Motor Extended Range,crossover,5,53638,CAD,344,epa,69,nmc,201,153,26,rwd,200,343,5.3,180,4233,1837,1549,2650,175,318,,,1850,11,ccs,false,false,,
volvo-ex30-twin-2026,Volvo,EX30,2026,Twin Motor Performance,crossover,5,63638,CAD,296,epa,69,nmc,233,153,26,awd,315,543,3.6,180,4233,1837,1549,2650,175,318,,,1960,11,ccs,false,false,,
volvo-ex40-twin-2026,Volvo,EX40,2026,Twin Motor AWD,crossover,5,72490,CAD,356,epa,82,nmc,230,153,28,awd,300,660,4.9,180,4440,1873,1596,2702,,419,31,1500,2248,11,ccs,false,false,,
volvo-ec40-twin-2026,Volvo,EC40,2026,Twin Motor AWD,crossover,5,73490,CAD,341,epa,82,nmc,240,153,28,awd,300,660,4.9,180,4440,1873,1596,2702,,330,31,1500,2231,11,ccs,false,false,,
